{"0": 0.5726471754499647, "1": 0.2769640318384479, "2": 0.0968161552075979, "3": 0.03216727758058745, "4": 0.013283750979235374, "5": 0.004726926313142548, "6": 0.0017916380552627253, "7": 0.0010445177326228034, "9": 5.561089780167703e-05, "11": 4.8357302436240895e-06, "10": 0.0002103542655976479, "8": 0.0002587115680338888, "12": 2.1760786096308403e-05, "13": 4.8357302436240895e-06, "15": 2.4178651218120447e-06}